{
    "loss": 2.0985753536224365,
    "accuracy": 0.7900000214576721
}