{
    "loss": 10.512832641601562,
    "accuracy": 0.4983333349227905
}